{
  "properties": {
    "connectionReferences": {
      "shared_approvals_1": {
        "runtimeSource": "embedded",
        "connection": {
          "connectionReferenceLogicalName": "hyper_sharedapprovals_12e52"
        },
        "api": {
          "name": "shared_approvals"
        }
      },
      "shared_sharepointonline_1": {
        "runtimeSource": "embedded",
        "connection": {
          "connectionReferenceLogicalName": "hyper_SharePointMSHyper"
        },
        "api": {
          "name": "shared_sharepointonline"
        }
      },
      "shared_service-now": {
        "runtimeSource": "embedded",
        "connection": {
          "connectionReferenceLogicalName": "hyper_ServiceNowHyperAutomation"
        },
        "api": {
          "name": "shared_service-now"
        }
      },
      "shared_office365_1": {
        "runtimeSource": "embedded",
        "connection": {
          "connectionReferenceLogicalName": "hyper_Office365Outlook"
        },
        "api": {
          "name": "shared_office365"
        }
      }
    },
    "definition": {
      "$schema": "https://schema.management.azure.com/providers/Microsoft.Logic/schemas/2016-06-01/workflowdefinition.json#",
      "contentVersion": "1.0.0.0",
      "parameters": {
        "$connections": {
          "defaultValue": {},
          "type": "Object"
        },
        "$authentication": {
          "defaultValue": {},
          "type": "SecureObject"
        }
      },
      "triggers": {
        "When_an_item_is_created": {
          "recurrence": {
            "interval": 1,
            "frequency": "Minute"
          },
          "splitOn": "@triggerOutputs()?['body/value']",
          "metadata": {
            "operationMetadataId": "d418ff8e-ab45-4039-bbff-6d1714085b58"
          },
          "type": "OpenApiConnection",
          "inputs": {
            "host": {
              "connectionName": "shared_sharepointonline_1",
              "operationId": "GetOnNewItems",
              "apiId": "/providers/Microsoft.PowerApps/apis/shared_sharepointonline"
            },
            "parameters": {
              "dataset": "https://arcelormittal.sharepoint.com/sites/hyper-automation/HourlyEmployee",
              "table": "5874b9ec-40fa-4e08-b435-a1855fa2b360"
            },
            "authentication": "@parameters('$authentication')"
          }
        }
      },
      "actions": {
        "Start_and_wait_for_an_approval": {
          "runAfter": {},
          "metadata": {
            "operationMetadataId": "b8cc4b4a-41a7-406b-9022-a020bdf6ca2d"
          },
          "type": "OpenApiConnectionWebhook",
          "inputs": {
            "host": {
              "connectionName": "shared_approvals_1",
              "operationId": "StartAndWaitForAnApproval",
              "apiId": "/providers/Microsoft.PowerApps/apis/shared_approvals"
            },
            "parameters": {
              "approvalType": "BasicAwaitAll",
              "WebhookApprovalCreationInput/title": "@{triggerOutputs()?['body/LocationName/Value']} Hourly Termination - \" @{triggerOutputs()?['body/UserDisable']}\"",
              "WebhookApprovalCreationInput/assignedTo": "@{triggerOutputs()?['body/Supervisor/Email']};",
              "WebhookApprovalCreationInput/details": "Dear Supervisor @{triggerOutputs()?['body/Supervisor/DisplayName']},\n\nMay we revoke any IT security or asset held by the user below? \n\n**User**: @{triggerOutputs()?['body/UserDisable']}\n**AMEI:** @{triggerOutputs()?['body/AMEI']}\n**Terminate Date:** @{triggerOutputs()?['body/TerminateDate']}\n\nKind Regards,\n",
              "WebhookApprovalCreationInput/requestor": "@{triggerOutputs()?['body/Author/Email']};",
              "WebhookApprovalCreationInput/enableNotifications": true,
              "WebhookApprovalCreationInput/enableReassignment": false
            },
            "authentication": "@parameters('$authentication')"
          }
        },
        "Condition": {
          "actions": {
            "Apply_to_each": {
              "foreach": "@outputs('Start_and_wait_for_an_approval')?['body/responses']",
              "actions": {
                "Update_item": {
                  "runAfter": {},
                  "metadata": {
                    "operationMetadataId": "12b2ccbe-a356-4c6e-8a15-e87d901feb05"
                  },
                  "type": "OpenApiConnection",
                  "inputs": {
                    "host": {
                      "connectionName": "shared_sharepointonline_1",
                      "operationId": "PatchItem",
                      "apiId": "/providers/Microsoft.PowerApps/apis/shared_sharepointonline"
                    },
                    "parameters": {
                      "dataset": "https://arcelormittal.sharepoint.com/sites/hyper-automation/HourlyEmployee",
                      "table": "5874b9ec-40fa-4e08-b435-a1855fa2b360",
                      "id": "@triggerOutputs()?['body/ID']",
                      "item/Status": "Approved",
                      "item/ApprovalDate": "@items('Apply_to_each')?['responseDate']",
                      "item/ApprovalState": "Approved",
                      "item/IDApprovals": "@outputs('Start_and_wait_for_an_approval')?['body/name']",
                      "item/SupervisorComments": "@items('Apply_to_each')?['comments']"
                    },
                    "authentication": "@parameters('$authentication')"
                  }
                },
                "Create_Record": {
                  "runAfter": {
                    "Update_item": [
                      "Succeeded"
                    ]
                  },
                  "metadata": {
                    "operationMetadataId": "b5083c5e-fd77-48a1-be67-554fdb8b8b36"
                  },
                  "type": "OpenApiConnection",
                  "inputs": {
                    "host": {
                      "connectionName": "shared_service-now",
                      "operationId": "CreateRecord",
                      "apiId": "/providers/Microsoft.PowerApps/apis/shared_service-now"
                    },
                    "parameters": {
                      "tableType": "change_task",
                      "sysparm_display_value": false,
                      "sysparm_exclude_reference_link": true,
                      "body/short_description": "@{triggerOutputs()?['body/LocationName/Value']} - Hourly Termination -  @{triggerOutputs()?['body/UserDisable']}",
                      "body/assignment_group": "TUB-SECURITY",
                      "body/description": "User: @{triggerOutputs()?['body/UserDisable']}\nAmei: @{triggerOutputs()?['body/AMEI']}\nTerminationDate: @{formatDateTime(triggerOutputs()?['body/TerminateDate'],'MM-dd-yyyy')}\n\nSOX APPROVAL:\n\nRequestion Date: @{outputs('Start_and_wait_for_an_approval')?['body/requestDate']}\nResponse Date: @{items('Apply_to_each')?['responseDate']}\nApprover Response: @{items('Apply_to_each')?['approverResponse']}\nComments: @{items('Apply_to_each')?['comments']}\nApproval ID: @{outputs('Start_and_wait_for_an_approval')?['body/name']}\nDisplayName Approver: @{items('Apply_to_each')?['responder/displayName']}\nUPN Approver : @{items('Apply_to_each')?['responder/userPrincipalName']}",
                      "body/sys_class_name": "17",
                      "body/u_type": "17",
                      "body/assigned_to": "Lillo, Warren",
                      "body/change_task_type": "17",
                      "body/change_request": "@triggerOutputs()?['body/Change']"
                    },
                    "authentication": "@parameters('$authentication')"
                  }
                },
                "Update_item_3": {
                  "runAfter": {
                    "Create_Record": [
                      "Succeeded"
                    ]
                  },
                  "metadata": {
                    "operationMetadataId": "4cd3263d-688b-4231-84c9-f66a1c993044"
                  },
                  "type": "OpenApiConnection",
                  "inputs": {
                    "host": {
                      "connectionName": "shared_sharepointonline_1",
                      "operationId": "PatchItem",
                      "apiId": "/providers/Microsoft.PowerApps/apis/shared_sharepointonline"
                    },
                    "parameters": {
                      "dataset": "https://arcelormittal.sharepoint.com/sites/hyper-automation/HourlyEmployee",
                      "table": "5874b9ec-40fa-4e08-b435-a1855fa2b360",
                      "id": "@outputs('Update_item')?['body/ID']",
                      "item/CTASKNumber": "@outputs('Create_Record')?['body/result/number']",
                      "item/CTASKUrl": "https://tkshelpdev.service-now.com/incident.do?sysparm_query=number%3D@{outputs('Create_Record')?['body/result/number']}"
                    },
                    "authentication": "@parameters('$authentication')"
                  }
                },
                "Send_an_email_(V2)_2": {
                  "runAfter": {
                    "Update_item_3": [
                      "Succeeded"
                    ]
                  },
                  "metadata": {
                    "operationMetadataId": "f317acc8-ba0e-486c-ad97-0645df1db699"
                  },
                  "type": "OpenApiConnection",
                  "inputs": {
                    "host": {
                      "connectionName": "shared_office365_1",
                      "operationId": "SendEmailV2",
                      "apiId": "/providers/Microsoft.PowerApps/apis/shared_office365"
                    },
                    "parameters": {
                      "emailMessage/To": "ivan.ribeiro@arcelormittal.com.br;diego.r.peres@arcelormittal.com.br",
                      "emailMessage/Subject": " @{outputs('Update_item_3')?['body/LocationName/Value']}Hourly Termination - \"@{outputs('Update_item_3')?['body/UserDisable']}\"",
                      "emailMessage/Body": "<p>Dear administrator,<br>\n<br>\nYou have a new ServciNow ticket to execute:<br>\n<br>\n<strong>Ticket Number:</strong> @{outputs('Create_Record')?['body/result/number']}<br>\n<strong>Ticket URL: </strong>https://tkshelptest.service-now.com/now/nav/ui/classic/params/target/change_task.do%3Fsys_id%3D@{outputs('Create_Record')?['body/result/sys_id']}</p>",
                      "emailMessage/Importance": "Normal"
                    },
                    "authentication": "@parameters('$authentication')"
                  }
                }
              },
              "runAfter": {},
              "metadata": {
                "operationMetadataId": "c83adfdd-7c0d-464f-bce4-6c58077ec9b5"
              },
              "type": "Foreach"
            }
          },
          "runAfter": {
            "Start_and_wait_for_an_approval": [
              "Succeeded"
            ]
          },
          "else": {
            "actions": {
              "Apply_to_each_2": {
                "foreach": "@outputs('Start_and_wait_for_an_approval')?['body/responses']",
                "actions": {
                  "Send_an_email_(V2)": {
                    "runAfter": {},
                    "metadata": {
                      "operationMetadataId": "99b1a42a-1b8c-4d83-a85c-0307fcb61304"
                    },
                    "type": "OpenApiConnection",
                    "inputs": {
                      "host": {
                        "connectionName": "shared_office365_1",
                        "operationId": "SendEmailV2",
                        "apiId": "/providers/Microsoft.PowerApps/apis/shared_office365"
                      },
                      "parameters": {
                        "emailMessage/To": "@triggerOutputs()?['body/Author/Email']",
                        "emailMessage/Subject": "Hourly Termination @{triggerOutputs()?['body/UserDisable']} - REJECTED",
                        "emailMessage/Body": "<p>Dear @{triggerOutputs()?['body/Author/DisplayName']},<br>\n<br>\nYour request to revoke any IT security or asset held by \"@{triggerOutputs()?['body/UserDisable']}\" was rejected by the supervisor @{triggerOutputs()?['body/Supervisor/DisplayName']}.<br>\n<br>\n<br>\n<strong>Supervisor Comments: </strong><strong>@{items('Apply_to_each_2')?['comments']}</strong><strong></strong></p>",
                        "emailMessage/Importance": "Normal"
                      },
                      "authentication": "@parameters('$authentication')"
                    }
                  },
                  "Update_item_2": {
                    "runAfter": {
                      "Send_an_email_(V2)": [
                        "Succeeded"
                      ]
                    },
                    "metadata": {
                      "operationMetadataId": "e5a30c41-d980-4cad-879a-39a890905f8c"
                    },
                    "type": "OpenApiConnection",
                    "inputs": {
                      "host": {
                        "connectionName": "shared_sharepointonline_1",
                        "operationId": "PatchItem",
                        "apiId": "/providers/Microsoft.PowerApps/apis/shared_sharepointonline"
                      },
                      "parameters": {
                        "dataset": "https://arcelormittal.sharepoint.com/sites/hyper-automation/HourlyEmployee",
                        "table": "5874b9ec-40fa-4e08-b435-a1855fa2b360",
                        "id": "@triggerOutputs()?['body/ID']",
                        "item/Status": "Rejected",
                        "item/ApprovalDate": "@items('Apply_to_each_2')?['responseDate']",
                        "item/ApprovalState": "Rejected"
                      },
                      "authentication": "@parameters('$authentication')"
                    }
                  }
                },
                "runAfter": {},
                "metadata": {
                  "operationMetadataId": "d91f6032-ecba-43c8-b714-c3392dd50e02"
                },
                "type": "Foreach"
              }
            }
          },
          "expression": {
            "equals": [
              "@outputs('Start_and_wait_for_an_approval')?['body/outcome']",
              "Approve"
            ]
          },
          "metadata": {
            "operationMetadataId": "4a51c1d6-31a3-45c2-9159-1d52f4b68c20"
          },
          "type": "If"
        }
      }
    },
    "templateName": ""
  },
  "schemaVersion": "1.0.0.0"
}