<ImportExportXml xmlns:xsi="http://www.w3.org/2001/XMLSchema-instance">
  <Entities></Entities>
  <Roles></Roles>
  <Workflows>
    <Workflow WorkflowId="{aca19412-34f0-ed11-8849-000d3a2e4c6e}" Name="Approval_Workflow">
      <JsonFileName>/Workflows/Approval_Workflow-ACA19412-34F0-ED11-8849-000D3A2E4C6E.json</JsonFileName>
      <Type>1</Type>
      <Subprocess>0</Subprocess>
      <Category>5</Category>
      <Mode>0</Mode>
      <Scope>4</Scope>
      <OnDemand>0</OnDemand>
      <TriggerOnCreate>0</TriggerOnCreate>
      <TriggerOnDelete>0</TriggerOnDelete>
      <AsyncAutodelete>0</AsyncAutodelete>
      <SyncWorkflowLogOnFailure>0</SyncWorkflowLogOnFailure>
      <StateCode>0</StateCode>
      <StatusCode>1</StatusCode>
      <RunAs>1</RunAs>
      <IsTransacted>1</IsTransacted>
      <IntroducedVersion>1.0.0.0</IntroducedVersion>
      <IsCustomizable>1</IsCustomizable>
      <IsCustomProcessingStepAllowedForOtherPublishers>1</IsCustomProcessingStepAllowedForOtherPublishers>
      <PrimaryEntity>none</PrimaryEntity>
      <LocalizedNames>
        <LocalizedName languagecode="1033" description="Approval_Workflow" />
      </LocalizedNames>
    </Workflow>
  </Workflows>
  <FieldSecurityProfiles></FieldSecurityProfiles>
  <Templates />
  <EntityMaps />
  <EntityRelationships />
  <OrganizationSettings />
  <optionsets />
  <CustomControls />
  <EntityDataProviders />
  <CanvasApps>
    <CanvasApp>
      <Name>hyper_usatubhourlyemployee_7b68e</Name>
      <AppVersion>2024-04-29T19:43:12Z</AppVersion>
      <Status>Ready</Status>
      <CreatedByClientVersion>3.24043.33.0</CreatedByClientVersion>
      <MinClientVersion>3.24043.33.0</MinClientVersion>
      <Tags>{"primaryDeviceWidth":"1366","primaryDeviceHeight":"768","supportsPortrait":"false","supportsLandscape":"true","primaryFormFactor":"Tablet","publisherVersion":"3.24043.33","minimumRequiredApiVersion":"2.2.0","hasComponent":"true","hasUnlockedComponent":"true","isUnifiedRootApp":"false","sienaVersion":"20240429T194100Z-3.24043.33.0","showStatusBar":"false"}</Tags>
      <IsCdsUpgraded>0</IsCdsUpgraded>
      <GalleryItemId xsi:nil="true"></GalleryItemId>
      <BackgroundColor>rgba(255, 255, 255, 1)</BackgroundColor>
      <DisplayName>#USA - TUB - Hourly Employee</DisplayName>
      <Description>Fixed: Saved after altering btnConfirmarStatusUsuario_12.  Need to populate disables, and tack number 4/26/24 at 8:37 AM  04/29/24 03:43</Description>
      <CommitMessage>Save app with description provided in publish dialog.</CommitMessage>
      <Publisher></Publisher>
      <AuthorizationReferences>[]</AuthorizationReferences>
      <ConnectionReferences>{"3da7f1ee-4854-4d38-bec6-7ca3cff2e33b":{"id":"/providers/microsoft.powerapps/apis/shared_office365users","displayName":"Office 365 Users","iconUri":"https://connectoricons-prod.azureedge.net/releases/v1.0.1677/1.0.1677.3637/office365users/icon.png","dataSources":["UsuáriosdoOffice365"],"dependencies":[],"dependents":[],"parameterHints":{},"parameterHintsV2":{},"isOnPremiseConnection":false,"bypassConsent":false,"dataSets":{},"apiTier":"Standard","actions":["UserProfileV2","UserProfile"]},"5600e651-825b-4232-9af7-98e89d69b3e7":{"id":"/providers/microsoft.powerapps/apis/shared_sharepointonline","displayName":"SharePoint","iconUri":"https://connectoricons-prod.azureedge.net/releases/v1.0.1685/1.0.1685.3700/sharepointonline/icon.png","dataSources":["Location_1","AccessManagement","Changes","Request"],"dependencies":[],"dependents":[],"parameterHints":{},"parameterHintsV2":{},"isOnPremiseConnection":false,"bypassConsent":false,"dataSets":{"https://arcelormittal.sharepoint.com/sites/6D3_HourlyEmployeeAutomation_hyper_Site_HourlyEmployee":{"datasetOverride":{"name":"https://arcelormittal.sharepoint.com/sites/6D3_HourlyEmployeeAutomation","environmentVariableName":"hyper_Site_HourlyEmployee"},"dataSources":{"Location_1":{"tableName":"ce5889ef-8835-46c5-9be4-c7f6d4c8496c","tableNameOverride":{"name":"ce5889ef-8835-46c5-9be4-c7f6d4c8496c","environmentVariableName":"hyper_shared_sharepointonline_ffe44ce1351a4f22b2995e74b04f18be"}},"AccessManagement":{"tableName":"26c1fb20-752a-4035-b1c5-2ee489bfddc4","tableNameOverride":{"name":"26c1fb20-752a-4035-b1c5-2ee489bfddc4","environmentVariableName":"hyper_shared_sharepointonline_8c4820c2f0df4c66af55651c114d2d49"}},"Changes":{"tableName":"a53cad41-dfe0-4dab-bf14-d7f0aaf306eb","tableNameOverride":{"name":"a53cad41-dfe0-4dab-bf14-d7f0aaf306eb","environmentVariableName":"hyper_shared_sharepointonline_9d22bd1a810e4b18836cb290e86e8cf8"}},"Request":{"tableName":"ee31a401-a982-4821-a0c3-fb29c1ee3d2e","tableNameOverride":{"name":"ee31a401-a982-4821-a0c3-fb29c1ee3d2e","environmentVariableName":"hyper_shared_sharepointonline_5dc001b3905c47c19e5f0f44820a339d"}}}}},"apiTier":"Standard","actions":["providers/PowerPlatform.Governance/Operations/Read","providers/PowerPlatform.Governance/Operations/Write"]}}</ConnectionReferences>
      <DatabaseReferences>{}</DatabaseReferences>
      <AppComponents>[]</AppComponents>
      <AppComponentDependencies>[]</AppComponentDependencies>
      <CanConsumeAppPass>1</CanConsumeAppPass>
      <CanvasAppType>0</CanvasAppType>
      <BypassConsent>0</BypassConsent>
      <AdminControlBypassConsent>0</AdminControlBypassConsent>
      <EmbeddedApp xsi:nil="true"></EmbeddedApp>
      <IntroducedVersion>1.0</IntroducedVersion>
      <CdsDependencies>{"cdsdependencies":[{"logicalname":"hyper_Site_HourlyEmployee","componenttype":380,"componenttypeplatformname":"EnvironmentVariableDefinition"},{"logicalname":"hyper_shared_sharepointonline_ffe44ce1351a4f22b2995e74b04f18be","componenttype":380,"componenttypeplatformname":"EnvironmentVariableDefinition"},{"logicalname":"hyper_shared_sharepointonline_8c4820c2f0df4c66af55651c114d2d49","componenttype":380,"componenttypeplatformname":"EnvironmentVariableDefinition"},{"logicalname":"hyper_shared_sharepointonline_9d22bd1a810e4b18836cb290e86e8cf8","componenttype":380,"componenttypeplatformname":"EnvironmentVariableDefinition"},{"logicalname":"hyper_shared_sharepointonline_5dc001b3905c47c19e5f0f44820a339d","componenttype":380,"componenttypeplatformname":"EnvironmentVariableDefinition"}]}</CdsDependencies>
      <IsCustomizable>1</IsCustomizable>
      <BackgroundImageUri>/CanvasApps/hyper_usatubhourlyemployee_7b68e_BackgroundImageUri</BackgroundImageUri>
      <DocumentUri>/CanvasApps/hyper_usatubhourlyemployee_7b68e_DocumentUri.msapp</DocumentUri>
      <AdditionalUris>
        <AdditionalUri>/CanvasApps/hyper_usatubhourlyemployee_7b68e_AdditionalUris0_identity.json</AdditionalUri>
      </AdditionalUris>
    </CanvasApp>
  </CanvasApps>
  <connectionreferences>
    <connectionreference connectionreferencelogicalname="hyper_Office365Outlook">
      <connectionreferencedisplayname>Office 365 Outlook - MS Hyper</connectionreferencedisplayname>
      <connectorid>/providers/Microsoft.PowerApps/apis/shared_office365</connectorid>
      <description>Office 365 Outlook</description>
      <iscustomizable>1</iscustomizable>
      <statecode>0</statecode>
      <statuscode>1</statuscode>
    </connectionreference>
    <connectionreference connectionreferencelogicalname="hyper_ServiceNowHyperAutomation">
      <connectionreferencedisplayname>ServiceNow - HyperAutomation </connectionreferencedisplayname>
      <connectorid>/providers/Microsoft.PowerApps/apis/shared_service-now</connectorid>
      <iscustomizable>1</iscustomizable>
      <statecode>0</statecode>
      <statuscode>1</statuscode>
    </connectionreference>
    <connectionreference connectionreferencelogicalname="hyper_sharedapprovals_12e52">
      <connectionreferencedisplayname>Approvals USATUBHourlyEmployee-12e52</connectionreferencedisplayname>
      <connectorid>/providers/Microsoft.PowerApps/apis/shared_approvals</connectorid>
      <iscustomizable>1</iscustomizable>
      <statecode>0</statecode>
      <statuscode>1</statuscode>
    </connectionreference>
    <connectionreference connectionreferencelogicalname="hyper_SharePointMSHyper">
      <connectionreferencedisplayname>SharePoint  MS Hyper</connectionreferencedisplayname>
      <connectorid>/providers/Microsoft.PowerApps/apis/shared_sharepointonline</connectorid>
      <iscustomizable>1</iscustomizable>
      <statecode>0</statecode>
      <statuscode>1</statuscode>
    </connectionreference>
  </connectionreferences>
  <Languages>
    <Language>1033</Language>
  </Languages>
</ImportExportXml>