<ImportExportXml xmlns:xsi="http://www.w3.org/2001/XMLSchema-instance">
  <Entities></Entities>
  <Roles></Roles>
  <Workflows>
    <Workflow WorkflowId="{aca19412-34f0-ed11-8849-000d3a2e4c6e}" Name="Approval_Workflow">
      <JsonFileName>/Workflows/Approval_Workflow-ACA19412-34F0-ED11-8849-000D3A2E4C6E.json</JsonFileName>
      <Type>1</Type>
      <Subprocess>0</Subprocess>
      <Category>5</Category>
      <Mode>0</Mode>
      <Scope>4</Scope>
      <OnDemand>0</OnDemand>
      <TriggerOnCreate>0</TriggerOnCreate>
      <TriggerOnDelete>0</TriggerOnDelete>
      <AsyncAutodelete>0</AsyncAutodelete>
      <SyncWorkflowLogOnFailure>0</SyncWorkflowLogOnFailure>
      <StateCode>1</StateCode>
      <StatusCode>2</StatusCode>
      <RunAs>1</RunAs>
      <IsTransacted>1</IsTransacted>
      <IntroducedVersion>1.0.0.0</IntroducedVersion>
      <IsCustomizable>1</IsCustomizable>
      <BusinessProcessType>0</BusinessProcessType>
      <IsCustomProcessingStepAllowedForOtherPublishers>1</IsCustomProcessingStepAllowedForOtherPublishers>
      <PrimaryEntity>none</PrimaryEntity>
      <LocalizedNames>
        <LocalizedName languagecode="1033" description="Approval_Workflow" />
      </LocalizedNames>
    </Workflow>
  </Workflows>
  <FieldSecurityProfiles></FieldSecurityProfiles>
  <Templates />
  <EntityMaps />
  <EntityRelationships />
  <OrganizationSettings />
  <optionsets />
  <CustomControls />
  <EntityDataProviders />
  <CanvasApps>
    <CanvasApp>
      <Name>hyper_usatubhourlyemployee_7b68e</Name>
      <AppVersion>2023-07-27T13:40:59Z</AppVersion>
      <Status>Ready</Status>
      <CreatedByClientVersion>3.23072.22.0</CreatedByClientVersion>
      <MinClientVersion>3.23072.22.0</MinClientVersion>
      <Tags>{"primaryDeviceWidth":"1366","primaryDeviceHeight":"768","supportsPortrait":"false","supportsLandscape":"true","primaryFormFactor":"Tablet","publisherVersion":"3.23072.22","minimumRequiredApiVersion":"2.2.0","hasComponent":"true","hasUnlockedComponent":"true","isUnifiedRootApp":"false","sienaVersion":"20230707T150529Z-3.23063.15.0"}</Tags>
      <IsCdsUpgraded>0</IsCdsUpgraded>
      <GalleryItemId xsi:nil="true"></GalleryItemId>
      <BackgroundColor>rgba(255, 255, 255, 1)</BackgroundColor>
      <DisplayName>#USA - TUB - Hourly Employee</DisplayName>
      <Description>Correções aplicadas na versão 1.0.15:

1 - Criação da tabela Change; 

2 - Location, o usuário seleciona a Change; 

3 - A change é informada na Request;</Description>
      <CommitMessage xsi:nil="true"></CommitMessage>
      <Publisher xsi:nil="true"></Publisher>
      <AuthorizationReferences>[]</AuthorizationReferences>
      <ConnectionReferences>{"3da7f1ee-4854-4d38-bec6-7ca3cff2e33b":{"id":"/providers/microsoft.powerapps/apis/shared_office365users","displayName":"Usuários do Office 365","iconUri":"https://connectoricons-prod.azureedge.net/releases/v1.0.1644/1.0.1644.3342/office365users/icon.png","dataSources":["UsuáriosdoOffice365"],"dependencies":[],"dependents":[],"parameterHints":{},"parameterHintsV2":{},"isOnPremiseConnection":false,"bypassConsent":false,"dataSets":{},"apiTier":"Standard","actions":["UserProfileV2","UserProfile"]},"5600e651-825b-4232-9af7-98e89d69b3e7":{"id":"/providers/microsoft.powerapps/apis/shared_sharepointonline","displayName":"SharePoint","iconUri":"https://connectoricons-prod.azureedge.net/u/shgogna/globalperconnector-train1/1.0.1639.3312/sharepointonline/icon.png","dataSources":["AccessManagement","Changes","Request","Location_1"],"dependencies":[],"dependents":[],"parameterHints":{},"parameterHintsV2":{},"isOnPremiseConnection":false,"bypassConsent":false,"dataSets":{"https://arcelormittal.sharepoint.com/sites/hyper-automation/HourlyEmployee_hyper_Site_HourlyEmployee":{"datasetOverride":{"name":"https://arcelormittal.sharepoint.com/sites/hyper-automation/HourlyEmployee","environmentVariableName":"hyper_Site_HourlyEmployee"},"dataSources":{"AccessManagement":{"tableName":"4b5bd2cc-5403-4785-a38f-5737439039f8","tableNameOverride":{"name":"4b5bd2cc-5403-4785-a38f-5737439039f8","environmentVariableName":"hyper_shared_sharepointonline_8c4820c2f0df4c66af55651c114d2d49"}},"Changes":{"tableName":"36b5f74f-80cf-46f9-b263-fc4bc2eba0ba","tableNameOverride":{"name":"36b5f74f-80cf-46f9-b263-fc4bc2eba0ba","environmentVariableName":"hyper_shared_sharepointonline_9d22bd1a810e4b18836cb290e86e8cf8"}},"Request":{"tableName":"5874b9ec-40fa-4e08-b435-a1855fa2b360","tableNameOverride":{"name":"5874b9ec-40fa-4e08-b435-a1855fa2b360","environmentVariableName":"hyper_shared_sharepointonline_5dc001b3905c47c19e5f0f44820a339d"}},"Location_1":{"tableName":"49e63f14-4493-47e6-b98a-8a57a208da98","tableNameOverride":{"name":"49e63f14-4493-47e6-b98a-8a57a208da98","environmentVariableName":"hyper_shared_sharepointonline_ffe44ce1351a4f22b2995e74b04f18be"}}}}},"apiTier":"Standard","actions":["providers/PowerPlatform.Governance/Operations/Read","providers/PowerPlatform.Governance/Operations/Write"]}}</ConnectionReferences>
      <DatabaseReferences>{}</DatabaseReferences>
      <AppComponents>[]</AppComponents>
      <AppComponentDependencies>[]</AppComponentDependencies>
      <CanConsumeAppPass>1</CanConsumeAppPass>
      <CanvasAppType>0</CanvasAppType>
      <BypassConsent>0</BypassConsent>
      <AdminControlBypassConsent>0</AdminControlBypassConsent>
      <EmbeddedApp xsi:nil="true"></EmbeddedApp>
      <IntroducedVersion>1.0</IntroducedVersion>
      <CdsDependencies>{"cdsdependencies":[{"logicalname":"hyper_Site_HourlyEmployee","componenttype":380,"componenttypeplatformname":"EnvironmentVariableDefinition"},{"logicalname":"hyper_shared_sharepointonline_8c4820c2f0df4c66af55651c114d2d49","componenttype":380,"componenttypeplatformname":"EnvironmentVariableDefinition"},{"logicalname":"hyper_shared_sharepointonline_9d22bd1a810e4b18836cb290e86e8cf8","componenttype":380,"componenttypeplatformname":"EnvironmentVariableDefinition"},{"logicalname":"hyper_shared_sharepointonline_5dc001b3905c47c19e5f0f44820a339d","componenttype":380,"componenttypeplatformname":"EnvironmentVariableDefinition"},{"logicalname":"hyper_shared_sharepointonline_ffe44ce1351a4f22b2995e74b04f18be","componenttype":380,"componenttypeplatformname":"EnvironmentVariableDefinition"}]}</CdsDependencies>
      <IsCustomizable>1</IsCustomizable>
      <BackgroundImageUri>/CanvasApps/hyper_usatubhourlyemployee_7b68e_BackgroundImageUri</BackgroundImageUri>
      <DocumentUri>/CanvasApps/hyper_usatubhourlyemployee_7b68e_DocumentUri.msapp</DocumentUri>
    </CanvasApp>
  </CanvasApps>
  <connectionreferences>
    <connectionreference connectionreferencelogicalname="hyper_Office365Outlook">
      <connectionreferencedisplayname>Office 365 Outlook - MS Hyper</connectionreferencedisplayname>
      <connectorid>/providers/Microsoft.PowerApps/apis/shared_office365</connectorid>
      <description>Office 365 Outlook</description>
      <iscustomizable>1</iscustomizable>
      <statecode>0</statecode>
      <statuscode>1</statuscode>
    </connectionreference>
    <connectionreference connectionreferencelogicalname="hyper_ServiceNowHyperAutomation">
      <connectionreferencedisplayname>ServiceNow - HyperAutomation </connectionreferencedisplayname>
      <connectorid>/providers/Microsoft.PowerApps/apis/shared_service-now</connectorid>
      <iscustomizable>1</iscustomizable>
      <statecode>0</statecode>
      <statuscode>1</statuscode>
    </connectionreference>
    <connectionreference connectionreferencelogicalname="hyper_sharedapprovals_12e52">
      <connectionreferencedisplayname>Approvals USATUBHourlyEmployee-12e52</connectionreferencedisplayname>
      <connectorid>/providers/Microsoft.PowerApps/apis/shared_approvals</connectorid>
      <iscustomizable>1</iscustomizable>
      <statecode>0</statecode>
      <statuscode>1</statuscode>
    </connectionreference>
    <connectionreference connectionreferencelogicalname="hyper_SharePointMSHyper">
      <connectionreferencedisplayname>SharePoint  MS Hyper</connectionreferencedisplayname>
      <connectorid>/providers/Microsoft.PowerApps/apis/shared_sharepointonline</connectorid>
      <iscustomizable>1</iscustomizable>
      <statecode>0</statecode>
      <statuscode>1</statuscode>
    </connectionreference>
  </connectionreferences>
  <Languages>
    <Language>1033</Language>
  </Languages>
</ImportExportXml>